id,firstName,lastName,email,country,status
1000,Ada,Aaltonen,ada.aaltonen.1000@example.com,Finland,ACTIVE
1001,Bruno,Nieminen,bruno.nieminen.1001@example.com,France,PENDING
1002,Camille,Ahlgren,camille.ahlgren.1002@example.com,Belgium,CLOSED
1003,Dmitri,Eriksson,dmitri.eriksson.1003@example.com,Denmark,ACTIVE
1004,Elena,Rasmussen,elena.rasmussen.1004@example.com,Italy,PENDING
1005,Farid,Engberg,farid.engberg.1005@example.com,Sweden,CLOSED
1006,Greta,Ivanov,greta.ivanov.1006@example.com,Spain,ACTIVE
1007,Hassan,Virtanen,hassan.virtanen.1007@example.com,Estonia,PENDING
1008,Ingrid,Isaksson,ingrid.isaksson.1008@example.com,Germany,CLOSED
1009,Jarno,Mäkinen,jarno.makinen.1009@example.com,Netherlands,ACTIVE
1010,Katja,Zetterberg,katja.zetterberg.1010@example.com,Norway,PENDING
1011,Liam,Dubois,liam.dubois.1011@example.com,Portugal,CLOSED
1012,Marta,Quintero,marta.quintero.1012@example.com,Finland,ACTIVE
1013,Noah,Dahlberg,noah.dahlberg.1013@example.com,France,PENDING
1014,Olivia,Halonen,olivia.halonen.1014@example.com,Belgium,CLOSED
1015,Pavel,Uusitalo,pavel.uusitalo.1015@example.com,Denmark,ACTIVE
1016,Quentin,Heikkilä,quentin.heikkila.1016@example.com,Italy,PENDING
1017,Rosa,Lindqvist,rosa.lindqvist.1017@example.com,Sweden,CLOSED
1018,Sanna,Yildiz,sanna.yildiz.1018@example.com,Spain,ACTIVE
1019,Tomás,Castellanos,tomas.castellanos.1019@example.com,Estonia,PENDING
1020,Ulla,Pettersson,ulla.pettersson.1020@example.com,Germany,CLOSED
1021,Viktor,Chevalier,viktor.chevalier.1021@example.com,Netherlands,ACTIVE
1022,Wilma,Gunnarsson,wilma.gunnarsson.1022@example.com,Norway,PENDING
1023,Xiomara,Tikkanen,xiomara.tikkanen.1023@example.com,Portugal,CLOSED
1024,Yusuf,Grunwald,yusuf.grunwald.1024@example.com,Finland,ACTIVE
1025,Zara,Korhonen,zara.korhonen.1025@example.com,France,PENDING
1026,Anton,Xu,anton.xu.1026@example.com,Belgium,CLOSED
1027,Beatriz,Bergström,beatriz.bergstrom.1027@example.com,Denmark,ACTIVE
1028,Colin,Ojala,colin.ojala.1028@example.com,Italy,PENDING
1029,Dagny,Boisvert,dagny.boisvert.1029@example.com,Sweden,CLOSED
1030,Emil,Ferreira,emil.ferreira.1030@example.com,Spain,ACTIVE
1031,Fiona,Saarinen,fiona.saarinen.1031@example.com,Estonia,PENDING
1032,Gustav,Fagerlund,gustav.fagerlund.1032@example.com,Germany,CLOSED
1033,Hanna,Jokinen,hanna.jokinen.1033@example.com,Netherlands,ACTIVE
1034,Ivar,Wallenberg,ivar.wallenberg.1034@example.com,Norway,PENDING
1035,Joséphine,Aaltonen,josefine.aaltonen.1035@example.com,Portugal,CLOSED
1036,Kalle,Nieminen,kalle.nieminen.1036@example.com,Finland,ACTIVE
1037,Lucia,Ahlgren,lucia.ahlgren.1037@example.com,France,PENDING
1038,Mikael,Eriksson,mikael.eriksson.1038@example.com,Belgium,CLOSED
1039,Nadia,Rasmussen,nadia.rasmussen.1039@example.com,Denmark,ACTIVE
1040,Ada,Engberg,ada.engberg.1040@example.com,Italy,PENDING
1041,Bruno,Ivanov,bruno.ivanov.1041@example.com,Sweden,CLOSED
1042,Camille,Virtanen,camille.virtanen.1042@example.com,Spain,ACTIVE
1043,Dmitri,Isaksson,dmitri.isaksson.1043@example.com,Estonia,PENDING
1044,Elena,Mäkinen,elena.makinen.1044@example.com,Germany,CLOSED
1045,Farid,Zetterberg,farid.zetterberg.1045@example.com,Netherlands,ACTIVE
1046,Greta,Dubois,greta.dubois.1046@example.com,Norway,PENDING
1047,Hassan,Quintero,hassan.quintero.1047@example.com,Portugal,CLOSED
1048,Ingrid,Dahlberg,ingrid.dahlberg.1048@example.com,Finland,ACTIVE
1049,Jarno,Halonen,jarno.halonen.1049@example.com,France,PENDING
1050,Katja,Uusitalo,katja.uusitalo.1050@example.com,Belgium,CLOSED
1051,Liam,Heikkilä,liam.heikkila.1051@example.com,Denmark,ACTIVE
1052,Marta,Lindqvist,marta.lindqvist.1052@example.com,Italy,PENDING
1053,Noah,Yildiz,noah.yildiz.1053@example.com,Sweden,CLOSED
1054,Olivia,Castellanos,olivia.castellanos.1054@example.com,Spain,ACTIVE
1055,Pavel,Pettersson,pavel.pettersson.1055@example.com,Estonia,PENDING
1056,Quentin,Chevalier,quentin.chevalier.1056@example.com,Germany,CLOSED
1057,Rosa,Gunnarsson,rosa.gunnarsson.1057@example.com,Netherlands,ACTIVE
1058,Sanna,Tikkanen,sanna.tikkanen.1058@example.com,Norway,PENDING
1059,Tomás,Grunwald,tomas.grunwald.1059@example.com,Portugal,CLOSED
1060,Ulla,Korhonen,ulla.korhonen.1060@example.com,Finland,ACTIVE
1061,Viktor,Xu,viktor.xu.1061@example.com,France,PENDING
1062,Wilma,Bergström,wilma.bergstrom.1062@example.com,Belgium,CLOSED
1063,Xiomara,Ojala,xiomara.ojala.1063@example.com,Denmark,ACTIVE
1064,Yusuf,Boisvert,yusuf.boisvert.1064@example.com,Italy,PENDING
1065,Zara,Ferreira,zara.ferreira.1065@example.com,Sweden,CLOSED
1066,Anton,Saarinen,anton.saarinen.1066@example.com,Spain,ACTIVE
1067,Beatriz,Fagerlund,beatriz.fagerlund.1067@example.com,Estonia,PENDING
1068,Colin,Jokinen,colin.jokinen.1068@example.com,Germany,CLOSED
1069,Dagny,Wallenberg,dagny.wallenberg.1069@example.com,Netherlands,ACTIVE
1070,Emil,Aaltonen,emil.aaltonen.1070@example.com,Norway,PENDING
1071,Fiona,Nieminen,fiona.nieminen.1071@example.com,Portugal,CLOSED
1072,Gustav,Ahlgren,gustav.ahlgren.1072@example.com,Finland,ACTIVE
1073,Hanna,Eriksson,hanna.eriksson.1073@example.com,France,PENDING
1074,Ivar,Rasmussen,ivar.rasmussen.1074@example.com,Belgium,CLOSED
1075,Joséphine,Engberg,josefine.engberg.1075@example.com,Denmark,ACTIVE
1076,Kalle,Ivanov,kalle.ivanov.1076@example.com,Italy,PENDING
1077,Lucia,Virtanen,lucia.virtanen.1077@example.com,Sweden,CLOSED
1078,Mikael,Isaksson,mikael.isaksson.1078@example.com,Spain,ACTIVE
1079,Nadia,Mäkinen,nadia.makinen.1079@example.com,Estonia,PENDING
1080,Ada,Zetterberg,ada.zetterberg.1080@example.com,Germany,CLOSED
1081,Bruno,Dubois,bruno.dubois.1081@example.com,Netherlands,ACTIVE
1082,Camille,Quintero,camille.quintero.1082@example.com,Norway,PENDING
1083,Dmitri,Dahlberg,dmitri.dahlberg.1083@example.com,Portugal,CLOSED
1084,Elena,Halonen,elena.halonen.1084@example.com,Finland,ACTIVE
1085,Farid,Uusitalo,farid.uusitalo.1085@example.com,France,PENDING
1086,Greta,Heikkilä,greta.heikkila.1086@example.com,Belgium,CLOSED
1087,Hassan,Lindqvist,hassan.lindqvist.1087@example.com,Denmark,ACTIVE
1088,Ingrid,Yildiz,ingrid.yildiz.1088@example.com,Italy,PENDING
1089,Jarno,Castellanos,jarno.castellanos.1089@example.com,Sweden,CLOSED
1090,Katja,Pettersson,katja.pettersson.1090@example.com,Spain,ACTIVE
1091,Liam,Chevalier,liam.chevalier.1091@example.com,Estonia,PENDING
1092,Marta,Gunnarsson,marta.gunnarsson.1092@example.com,Germany,CLOSED
1093,Noah,Tikkanen,noah.tikkanen.1093@example.com,Netherlands,ACTIVE
1094,Olivia,Grunwald,olivia.grunwald.1094@example.com,Norway,PENDING
1095,Pavel,Korhonen,pavel.korhonen.1095@example.com,Portugal,CLOSED
1096,Quentin,Xu,quentin.xu.1096@example.com,Finland,ACTIVE
1097,Rosa,Bergström,rosa.bergstrom.1097@example.com,France,PENDING
1098,Sanna,Ojala,sanna.ojala.1098@example.com,Belgium,CLOSED
1099,Tomás,Boisvert,tomas.boisvert.1099@example.com,Denmark,ACTIVE
1100,Ulla,Ferreira,ulla.ferreira.1100@example.com,Italy,PENDING
1101,Viktor,Saarinen,viktor.saarinen.1101@example.com,Sweden,CLOSED
1102,Wilma,Fagerlund,wilma.fagerlund.1102@example.com,Spain,ACTIVE
1103,Xiomara,Jokinen,xiomara.jokinen.1103@example.com,Estonia,PENDING
1104,Yusuf,Wallenberg,yusuf.wallenberg.1104@example.com,Germany,CLOSED
1105,Zara,Aaltonen,zara.aaltonen.1105@example.com,Netherlands,ACTIVE
1106,Anton,Nieminen,anton.nieminen.1106@example.com,Norway,PENDING
1107,Beatriz,Ahlgren,beatriz.ahlgren.1107@example.com,Portugal,CLOSED
1108,Colin,Eriksson,colin.eriksson.1108@example.com,Finland,ACTIVE
1109,Dagny,Rasmussen,dagny.rasmussen.1109@example.com,France,PENDING
1110,Emil,Engberg,emil.engberg.1110@example.com,Belgium,CLOSED
1111,Fiona,Ivanov,fiona.ivanov.1111@example.com,Denmark,ACTIVE
1112,Gustav,Virtanen,gustav.virtanen.1112@example.com,Italy,PENDING
1113,Hanna,Isaksson,hanna.isaksson.1113@example.com,Sweden,CLOSED
1114,Ivar,Mäkinen,ivar.makinen.1114@example.com,Spain,ACTIVE
1115,Joséphine,Zetterberg,josefine.zetterberg.1115@example.com,Estonia,PENDING
1116,Kalle,Dubois,kalle.dubois.1116@example.com,Germany,CLOSED
1117,Lucia,Quintero,lucia.quintero.1117@example.com,Netherlands,ACTIVE
1118,Mikael,Dahlberg,mikael.dahlberg.1118@example.com,Norway,PENDING
1119,Nadia,Halonen,nadia.halonen.1119@example.com,Portugal,CLOSED
1120,Ada,Uusitalo,ada.uusitalo.1120@example.com,Finland,ACTIVE
1121,Bruno,Heikkilä,bruno.heikkila.1121@example.com,France,PENDING
1122,Camille,Lindqvist,camille.lindqvist.1122@example.com,Belgium,CLOSED
1123,Dmitri,Yildiz,dmitri.yildiz.1123@example.com,Denmark,ACTIVE
1124,Elena,Castellanos,elena.castellanos.1124@example.com,Italy,PENDING
1125,Farid,Pettersson,farid.pettersson.1125@example.com,Sweden,CLOSED
1126,Greta,Chevalier,greta.chevalier.1126@example.com,Spain,ACTIVE
1127,Hassan,Gunnarsson,hassan.gunnarsson.1127@example.com,Estonia,PENDING
1128,Ingrid,Tikkanen,ingrid.tikkanen.1128@example.com,Germany,CLOSED
1129,Jarno,Grunwald,jarno.grunwald.1129@example.com,Netherlands,ACTIVE
1130,Katja,Korhonen,katja.korhonen.1130@example.com,Norway,PENDING
1131,Liam,Xu,liam.xu.1131@example.com,Portugal,CLOSED
1132,Marta,Bergström,marta.bergstrom.1132@example.com,Finland,ACTIVE
1133,Noah,Ojala,noah.ojala.1133@example.com,France,PENDING
1134,Olivia,Boisvert,olivia.boisvert.1134@example.com,Belgium,CLOSED
1135,Pavel,Ferreira,pavel.ferreira.1135@example.com,Denmark,ACTIVE
1136,Quentin,Saarinen,quentin.saarinen.1136@example.com,Italy,PENDING
1137,Rosa,Fagerlund,rosa.fagerlund.1137@example.com,Sweden,CLOSED
1138,Sanna,Jokinen,sanna.jokinen.1138@example.com,Spain,ACTIVE
1139,Tomás,Wallenberg,tomas.wallenberg.1139@example.com,Estonia,PENDING
1140,Ulla,Aaltonen,ulla.aaltonen.1140@example.com,Germany,CLOSED
1141,Viktor,Nieminen,viktor.nieminen.1141@example.com,Netherlands,ACTIVE
1142,Wilma,Ahlgren,wilma.ahlgren.1142@example.com,Norway,PENDING
1143,Xiomara,Eriksson,xiomara.eriksson.1143@example.com,Portugal,CLOSED
1144,Yusuf,Rasmussen,yusuf.rasmussen.1144@example.com,Finland,ACTIVE
1145,Zara,Engberg,zara.engberg.1145@example.com,France,PENDING
1146,Anton,Ivanov,anton.ivanov.1146@example.com,Belgium,CLOSED
1147,Beatriz,Virtanen,beatriz.virtanen.1147@example.com,Denmark,ACTIVE
1148,Colin,Isaksson,colin.isaksson.1148@example.com,Italy,PENDING
1149,Dagny,Mäkinen,dagny.makinen.1149@example.com,Sweden,CLOSED
1150,Emil,Zetterberg,emil.zetterberg.1150@example.com,Spain,ACTIVE
1151,Fiona,Dubois,fiona.dubois.1151@example.com,Estonia,PENDING
1152,Gustav,Quintero,gustav.quintero.1152@example.com,Germany,CLOSED
1153,Hanna,Dahlberg,hanna.dahlberg.1153@example.com,Netherlands,ACTIVE
1154,Ivar,Halonen,ivar.halonen.1154@example.com,Norway,PENDING
1155,Joséphine,Uusitalo,josefine.uusitalo.1155@example.com,Portugal,CLOSED
1156,Kalle,Heikkilä,kalle.heikkila.1156@example.com,Finland,ACTIVE
1157,Lucia,Lindqvist,lucia.lindqvist.1157@example.com,France,PENDING
1158,Mikael,Yildiz,mikael.yildiz.1158@example.com,Belgium,CLOSED
1159,Nadia,Castellanos,nadia.castellanos.1159@example.com,Denmark,ACTIVE
1160,Ada,Pettersson,ada.pettersson.1160@example.com,Italy,PENDING
1161,Bruno,Chevalier,bruno.chevalier.1161@example.com,Sweden,CLOSED
1162,Camille,Gunnarsson,camille.gunnarsson.1162@example.com,Spain,ACTIVE
1163,Dmitri,Tikkanen,dmitri.tikkanen.1163@example.com,Estonia,PENDING
1164,Elena,Grunwald,elena.grunwald.1164@example.com,Germany,CLOSED
1165,Farid,Korhonen,farid.korhonen.1165@example.com,Netherlands,ACTIVE
1166,Greta,Xu,greta.xu.1166@example.com,Norway,PENDING
1167,Hassan,Bergström,hassan.bergstrom.1167@example.com,Portugal,CLOSED
1168,Ingrid,Ojala,ingrid.ojala.1168@example.com,Finland,ACTIVE
1169,Jarno,Boisvert,jarno.boisvert.1169@example.com,France,PENDING
1170,Katja,Ferreira,katja.ferreira.1170@example.com,Belgium,CLOSED
1171,Liam,Saarinen,liam.saarinen.1171@example.com,Denmark,ACTIVE
1172,Marta,Fagerlund,marta.fagerlund.1172@example.com,Italy,PENDING
1173,Noah,Jokinen,noah.jokinen.1173@example.com,Sweden,CLOSED
1174,Olivia,Wallenberg,olivia.wallenberg.1174@example.com,Spain,ACTIVE
1175,Pavel,Aaltonen,pavel.aaltonen.1175@example.com,Estonia,PENDING
1176,Quentin,Nieminen,quentin.nieminen.1176@example.com,Germany,CLOSED
1177,Rosa,Ahlgren,rosa.ahlgren.1177@example.com,Netherlands,ACTIVE
1178,Sanna,Eriksson,sanna.eriksson.1178@example.com,Norway,PENDING
1179,Tomás,Rasmussen,tomas.rasmussen.1179@example.com,Portugal,CLOSED
1180,Ulla,Engberg,ulla.engberg.1180@example.com,Finland,ACTIVE
1181,Viktor,Ivanov,viktor.ivanov.1181@example.com,France,PENDING
1182,Wilma,Virtanen,wilma.virtanen.1182@example.com,Belgium,CLOSED
1183,Xiomara,Isaksson,xiomara.isaksson.1183@example.com,Denmark,ACTIVE
1184,Yusuf,Mäkinen,yusuf.makinen.1184@example.com,Italy,PENDING
1185,Zara,Zetterberg,zara.zetterberg.1185@example.com,Sweden,CLOSED
1186,Anton,Dubois,anton.dubois.1186@example.com,Spain,ACTIVE
1187,Beatriz,Quintero,beatriz.quintero.1187@example.com,Estonia,PENDING
1188,Colin,Dahlberg,colin.dahlberg.1188@example.com,Germany,CLOSED
1189,Dagny,Halonen,dagny.halonen.1189@example.com,Netherlands,ACTIVE
1190,Emil,Uusitalo,emil.uusitalo.1190@example.com,Norway,PENDING
1191,Fiona,Heikkilä,fiona.heikkila.1191@example.com,Portugal,CLOSED
1192,Gustav,Lindqvist,gustav.lindqvist.1192@example.com,Finland,ACTIVE
1193,Hanna,Yildiz,hanna.yildiz.1193@example.com,France,PENDING
1194,Ivar,Castellanos,ivar.castellanos.1194@example.com,Belgium,CLOSED
1195,Joséphine,Pettersson,josefine.pettersson.1195@example.com,Denmark,ACTIVE
1196,Kalle,Chevalier,kalle.chevalier.1196@example.com,Italy,PENDING
1197,Lucia,Gunnarsson,lucia.gunnarsson.1197@example.com,Sweden,CLOSED
1198,Mikael,Tikkanen,mikael.tikkanen.1198@example.com,Spain,ACTIVE
1199,Nadia,Grunwald,nadia.grunwald.1199@example.com,Estonia,PENDING
1200,Ada,Korhonen,ada.korhonen.1200@example.com,Germany,CLOSED
1201,Bruno,Xu,bruno.xu.1201@example.com,Netherlands,ACTIVE
1202,Camille,Bergström,camille.bergstrom.1202@example.com,Norway,PENDING
1203,Dmitri,Ojala,dmitri.ojala.1203@example.com,Portugal,CLOSED
1204,Elena,Boisvert,elena.boisvert.1204@example.com,Finland,ACTIVE
1205,Farid,Ferreira,farid.ferreira.1205@example.com,France,PENDING
1206,Greta,Saarinen,greta.saarinen.1206@example.com,Belgium,CLOSED
1207,Hassan,Fagerlund,hassan.fagerlund.1207@example.com,Denmark,ACTIVE
1208,Ingrid,Jokinen,ingrid.jokinen.1208@example.com,Italy,PENDING
1209,Jarno,Wallenberg,jarno.wallenberg.1209@example.com,Sweden,CLOSED
1210,Katja,Aaltonen,katja.aaltonen.1210@example.com,Spain,ACTIVE
1211,Liam,Nieminen,liam.nieminen.1211@example.com,Estonia,PENDING
1212,Marta,Ahlgren,marta.ahlgren.1212@example.com,Germany,CLOSED
1213,Noah,Eriksson,noah.eriksson.1213@example.com,Netherlands,ACTIVE
1214,Olivia,Rasmussen,olivia.rasmussen.1214@example.com,Norway,PENDING
1215,Pavel,Engberg,pavel.engberg.1215@example.com,Portugal,CLOSED
1216,Quentin,Ivanov,quentin.ivanov.1216@example.com,Finland,ACTIVE
1217,Rosa,Virtanen,rosa.virtanen.1217@example.com,France,PENDING
1218,Sanna,Isaksson,sanna.isaksson.1218@example.com,Belgium,CLOSED
1219,Tomás,Mäkinen,tomas.makinen.1219@example.com,Denmark,ACTIVE
1220,Ulla,Zetterberg,ulla.zetterberg.1220@example.com,Italy,PENDING
1221,Viktor,Dubois,viktor.dubois.1221@example.com,Sweden,CLOSED
1222,Wilma,Quintero,wilma.quintero.1222@example.com,Spain,ACTIVE
1223,Xiomara,Dahlberg,xiomara.dahlberg.1223@example.com,Estonia,PENDING
1224,Yusuf,Halonen,yusuf.halonen.1224@example.com,Germany,CLOSED
1225,Zara,Uusitalo,zara.uusitalo.1225@example.com,Netherlands,ACTIVE
1226,Anton,Heikkilä,anton.heikkila.1226@example.com,Norway,PENDING
1227,Beatriz,Lindqvist,beatriz.lindqvist.1227@example.com,Portugal,CLOSED
1228,Colin,Yildiz,colin.yildiz.1228@example.com,Finland,ACTIVE
1229,Dagny,Castellanos,dagny.castellanos.1229@example.com,France,PENDING
1230,Emil,Pettersson,emil.pettersson.1230@example.com,Belgium,CLOSED
1231,Fiona,Chevalier,fiona.chevalier.1231@example.com,Denmark,ACTIVE
1232,Gustav,Gunnarsson,gustav.gunnarsson.1232@example.com,Italy,PENDING
1233,Hanna,Tikkanen,hanna.tikkanen.1233@example.com,Sweden,CLOSED
1234,Ivar,Grunwald,ivar.grunwald.1234@example.com,Spain,ACTIVE
1235,Joséphine,Korhonen,josefine.korhonen.1235@example.com,Estonia,PENDING
1236,Kalle,Xu,kalle.xu.1236@example.com,Germany,CLOSED
1237,Lucia,Bergström,lucia.bergstrom.1237@example.com,Netherlands,ACTIVE
1238,Mikael,Ojala,mikael.ojala.1238@example.com,Norway,PENDING
1239,Nadia,Boisvert,nadia.boisvert.1239@example.com,Portugal,CLOSED
1240,Ada,Ferreira,ada.ferreira.1240@example.com,Finland,ACTIVE
1241,Bruno,Saarinen,bruno.saarinen.1241@example.com,France,PENDING
1242,Camille,Fagerlund,camille.fagerlund.1242@example.com,Belgium,CLOSED
1243,Dmitri,Jokinen,dmitri.jokinen.1243@example.com,Denmark,ACTIVE
1244,Elena,Wallenberg,elena.wallenberg.1244@example.com,Italy,PENDING
1245,Farid,Aaltonen,farid.aaltonen.1245@example.com,Sweden,CLOSED
1246,Greta,Nieminen,greta.nieminen.1246@example.com,Spain,ACTIVE
1247,Hassan,Ahlgren,hassan.ahlgren.1247@example.com,Estonia,PENDING
1248,Ingrid,Eriksson,ingrid.eriksson.1248@example.com,Germany,CLOSED
1249,Jarno,Rasmussen,jarno.rasmussen.1249@example.com,Netherlands,ACTIVE
1250,Katja,Engberg,katja.engberg.1250@example.com,Norway,PENDING
1251,Liam,Ivanov,liam.ivanov.1251@example.com,Portugal,CLOSED
1252,Marta,Virtanen,marta.virtanen.1252@example.com,Finland,ACTIVE
1253,Noah,Isaksson,noah.isaksson.1253@example.com,France,PENDING
1254,Olivia,Mäkinen,olivia.makinen.1254@example.com,Belgium,CLOSED
1255,Pavel,Zetterberg,pavel.zetterberg.1255@example.com,Denmark,ACTIVE
1256,Quentin,Dubois,quentin.dubois.1256@example.com,Italy,PENDING
1257,Rosa,Quintero,rosa.quintero.1257@example.com,Sweden,CLOSED
1258,Sanna,Dahlberg,sanna.dahlberg.1258@example.com,Spain,ACTIVE
1259,Tomás,Halonen,tomas.halonen.1259@example.com,Estonia,PENDING
1260,Ulla,Uusitalo,ulla.uusitalo.1260@example.com,Germany,CLOSED
1261,Viktor,Heikkilä,viktor.heikkila.1261@example.com,Netherlands,ACTIVE
1262,Wilma,Lindqvist,wilma.lindqvist.1262@example.com,Norway,PENDING
1263,Xiomara,Yildiz,xiomara.yildiz.1263@example.com,Portugal,CLOSED
1264,Yusuf,Castellanos,yusuf.castellanos.1264@example.com,Finland,ACTIVE
1265,Zara,Pettersson,zara.pettersson.1265@example.com,France,PENDING
1266,Anton,Chevalier,anton.chevalier.1266@example.com,Belgium,CLOSED
1267,Beatriz,Gunnarsson,beatriz.gunnarsson.1267@example.com,Denmark,ACTIVE
1268,Colin,Tikkanen,colin.tikkanen.1268@example.com,Italy,PENDING
1269,Dagny,Grunwald,dagny.grunwald.1269@example.com,Sweden,CLOSED
1270,Emil,Korhonen,emil.korhonen.1270@example.com,Spain,ACTIVE
1271,Fiona,Xu,fiona.xu.1271@example.com,Estonia,PENDING
1272,Gustav,Bergström,gustav.bergstrom.1272@example.com,Germany,CLOSED
1273,Hanna,Ojala,hanna.ojala.1273@example.com,Netherlands,ACTIVE
1274,Ivar,Boisvert,ivar.boisvert.1274@example.com,Norway,PENDING
1275,Joséphine,Ferreira,josefine.ferreira.1275@example.com,Portugal,CLOSED
1276,Kalle,Saarinen,kalle.saarinen.1276@example.com,Finland,ACTIVE
1277,Lucia,Fagerlund,lucia.fagerlund.1277@example.com,France,PENDING
1278,Mikael,Jokinen,mikael.jokinen.1278@example.com,Belgium,CLOSED
1279,Nadia,Wallenberg,nadia.wallenberg.1279@example.com,Denmark,ACTIVE
1280,Ada,Aaltonen,ada.aaltonen.1280@example.com,Italy,PENDING
1281,Bruno,Nieminen,bruno.nieminen.1281@example.com,Sweden,CLOSED
1282,Camille,Ahlgren,camille.ahlgren.1282@example.com,Spain,ACTIVE
1283,Dmitri,Eriksson,dmitri.eriksson.1283@example.com,Estonia,PENDING
1284,Elena,Rasmussen,elena.rasmussen.1284@example.com,Germany,CLOSED
1285,Farid,Engberg,farid.engberg.1285@example.com,Netherlands,ACTIVE
1286,Greta,Ivanov,greta.ivanov.1286@example.com,Norway,PENDING
1287,Hassan,Virtanen,hassan.virtanen.1287@example.com,Portugal,CLOSED
1288,Ingrid,Isaksson,ingrid.isaksson.1288@example.com,Finland,ACTIVE
1289,Jarno,Mäkinen,jarno.makinen.1289@example.com,France,PENDING
1290,Katja,Zetterberg,katja.zetterberg.1290@example.com,Belgium,CLOSED
1291,Liam,Dubois,liam.dubois.1291@example.com,Denmark,ACTIVE
1292,Marta,Quintero,marta.quintero.1292@example.com,Italy,PENDING
1293,Noah,Dahlberg,noah.dahlberg.1293@example.com,Sweden,CLOSED
1294,Olivia,Halonen,olivia.halonen.1294@example.com,Spain,ACTIVE
1295,Pavel,Uusitalo,pavel.uusitalo.1295@example.com,Estonia,PENDING
1296,Quentin,Heikkilä,quentin.heikkila.1296@example.com,Germany,CLOSED
1297,Rosa,Lindqvist,rosa.lindqvist.1297@example.com,Netherlands,ACTIVE
1298,Sanna,Yildiz,sanna.yildiz.1298@example.com,Norway,PENDING
1299,Tomás,Castellanos,tomas.castellanos.1299@example.com,Portugal,CLOSED
1300,Ulla,Pettersson,ulla.pettersson.1300@example.com,Finland,ACTIVE
1301,Viktor,Chevalier,viktor.chevalier.1301@example.com,France,PENDING
1302,Wilma,Gunnarsson,wilma.gunnarsson.1302@example.com,Belgium,CLOSED
1303,Xiomara,Tikkanen,xiomara.tikkanen.1303@example.com,Denmark,ACTIVE
1304,Yusuf,Grunwald,yusuf.grunwald.1304@example.com,Italy,PENDING
1305,Zara,Korhonen,zara.korhonen.1305@example.com,Sweden,CLOSED
1306,Anton,Xu,anton.xu.1306@example.com,Spain,ACTIVE
1307,Beatriz,Bergström,beatriz.bergstrom.1307@example.com,Estonia,PENDING
1308,Colin,Ojala,colin.ojala.1308@example.com,Germany,CLOSED
1309,Dagny,Boisvert,dagny.boisvert.1309@example.com,Netherlands,ACTIVE
1310,Emil,Ferreira,emil.ferreira.1310@example.com,Norway,PENDING
1311,Fiona,Saarinen,fiona.saarinen.1311@example.com,Portugal,CLOSED
1312,Gustav,Fagerlund,gustav.fagerlund.1312@example.com,Finland,ACTIVE
1313,Hanna,Jokinen,hanna.jokinen.1313@example.com,France,PENDING
1314,Ivar,Wallenberg,ivar.wallenberg.1314@example.com,Belgium,CLOSED
1315,Joséphine,Aaltonen,josefine.aaltonen.1315@example.com,Denmark,ACTIVE
1316,Kalle,Nieminen,kalle.nieminen.1316@example.com,Italy,PENDING
1317,Lucia,Ahlgren,lucia.ahlgren.1317@example.com,Sweden,CLOSED
1318,Mikael,Eriksson,mikael.eriksson.1318@example.com,Spain,ACTIVE
1319,Nadia,Rasmussen,nadia.rasmussen.1319@example.com,Estonia,PENDING
1320,Ada,Engberg,ada.engberg.1320@example.com,Germany,CLOSED
1321,Bruno,Ivanov,bruno.ivanov.1321@example.com,Netherlands,ACTIVE
1322,Camille,Virtanen,camille.virtanen.1322@example.com,Norway,PENDING
1323,Dmitri,Isaksson,dmitri.isaksson.1323@example.com,Portugal,CLOSED
1324,Elena,Mäkinen,elena.makinen.1324@example.com,Finland,ACTIVE
1325,Farid,Zetterberg,farid.zetterberg.1325@example.com,France,PENDING
1326,Greta,Dubois,greta.dubois.1326@example.com,Belgium,CLOSED
1327,Hassan,Quintero,hassan.quintero.1327@example.com,Denmark,ACTIVE
1328,Ingrid,Dahlberg,ingrid.dahlberg.1328@example.com,Italy,PENDING
1329,Jarno,Halonen,jarno.halonen.1329@example.com,Sweden,CLOSED
1330,Katja,Uusitalo,katja.uusitalo.1330@example.com,Spain,ACTIVE
1331,Liam,Heikkilä,liam.heikkila.1331@example.com,Estonia,PENDING
1332,Marta,Lindqvist,marta.lindqvist.1332@example.com,Germany,CLOSED
1333,Noah,Yildiz,noah.yildiz.1333@example.com,Netherlands,ACTIVE
1334,Olivia,Castellanos,olivia.castellanos.1334@example.com,Norway,PENDING
1335,Pavel,Pettersson,pavel.pettersson.1335@example.com,Portugal,CLOSED
1336,Quentin,Chevalier,quentin.chevalier.1336@example.com,Finland,ACTIVE
1337,Rosa,Gunnarsson,rosa.gunnarsson.1337@example.com,France,PENDING
1338,Sanna,Tikkanen,sanna.tikkanen.1338@example.com,Belgium,CLOSED
1339,Tomás,Grunwald,tomas.grunwald.1339@example.com,Denmark,ACTIVE
1340,Ulla,Korhonen,ulla.korhonen.1340@example.com,Italy,PENDING
1341,Viktor,Xu,viktor.xu.1341@example.com,Sweden,CLOSED
1342,Wilma,Bergström,wilma.bergstrom.1342@example.com,Spain,ACTIVE
1343,Xiomara,Ojala,xiomara.ojala.1343@example.com,Estonia,PENDING
1344,Yusuf,Boisvert,yusuf.boisvert.1344@example.com,Germany,CLOSED
1345,Zara,Ferreira,zara.ferreira.1345@example.com,Netherlands,ACTIVE
1346,Anton,Saarinen,anton.saarinen.1346@example.com,Norway,PENDING
1347,Beatriz,Fagerlund,beatriz.fagerlund.1347@example.com,Portugal,CLOSED
1348,Colin,Jokinen,colin.jokinen.1348@example.com,Finland,ACTIVE
1349,Dagny,Wallenberg,dagny.wallenberg.1349@example.com,France,PENDING
1350,Emil,Aaltonen,emil.aaltonen.1350@example.com,Belgium,CLOSED
1351,Fiona,Nieminen,fiona.nieminen.1351@example.com,Denmark,ACTIVE
1352,Gustav,Ahlgren,gustav.ahlgren.1352@example.com,Italy,PENDING
1353,Hanna,Eriksson,hanna.eriksson.1353@example.com,Sweden,CLOSED
1354,Ivar,Rasmussen,ivar.rasmussen.1354@example.com,Spain,ACTIVE
1355,Joséphine,Engberg,josefine.engberg.1355@example.com,Estonia,PENDING
1356,Kalle,Ivanov,kalle.ivanov.1356@example.com,Germany,CLOSED
1357,Lucia,Virtanen,lucia.virtanen.1357@example.com,Netherlands,ACTIVE
1358,Mikael,Isaksson,mikael.isaksson.1358@example.com,Norway,PENDING
1359,Nadia,Mäkinen,nadia.makinen.1359@example.com,Portugal,CLOSED
1360,Ada,Zetterberg,ada.zetterberg.1360@example.com,Finland,ACTIVE
1361,Bruno,Dubois,bruno.dubois.1361@example.com,France,PENDING
1362,Camille,Quintero,camille.quintero.1362@example.com,Belgium,CLOSED
1363,Dmitri,Dahlberg,dmitri.dahlberg.1363@example.com,Denmark,ACTIVE
1364,Elena,Halonen,elena.halonen.1364@example.com,Italy,PENDING
1365,Farid,Uusitalo,farid.uusitalo.1365@example.com,Sweden,CLOSED
1366,Greta,Heikkilä,greta.heikkila.1366@example.com,Spain,ACTIVE
1367,Hassan,Lindqvist,hassan.lindqvist.1367@example.com,Estonia,PENDING
1368,Ingrid,Yildiz,ingrid.yildiz.1368@example.com,Germany,CLOSED
1369,Jarno,Castellanos,jarno.castellanos.1369@example.com,Netherlands,ACTIVE
1370,Katja,Pettersson,katja.pettersson.1370@example.com,Norway,PENDING
1371,Liam,Chevalier,liam.chevalier.1371@example.com,Portugal,CLOSED
1372,Marta,Gunnarsson,marta.gunnarsson.1372@example.com,Finland,ACTIVE
1373,Noah,Tikkanen,noah.tikkanen.1373@example.com,France,PENDING
1374,Olivia,Grunwald,olivia.grunwald.1374@example.com,Belgium,CLOSED
1375,Pavel,Korhonen,pavel.korhonen.1375@example.com,Denmark,ACTIVE
1376,Quentin,Xu,quentin.xu.1376@example.com,Italy,PENDING
1377,Rosa,Bergström,rosa.bergstrom.1377@example.com,Sweden,CLOSED
1378,Sanna,Ojala,sanna.ojala.1378@example.com,Spain,ACTIVE
1379,Tomás,Boisvert,tomas.boisvert.1379@example.com,Estonia,PENDING
1380,Ulla,Ferreira,ulla.ferreira.1380@example.com,Germany,CLOSED
1381,Viktor,Saarinen,viktor.saarinen.1381@example.com,Netherlands,ACTIVE
1382,Wilma,Fagerlund,wilma.fagerlund.1382@example.com,Norway,PENDING
1383,Xiomara,Jokinen,xiomara.jokinen.1383@example.com,Portugal,CLOSED
1384,Yusuf,Wallenberg,yusuf.wallenberg.1384@example.com,Finland,ACTIVE
1385,Zara,Aaltonen,zara.aaltonen.1385@example.com,France,PENDING
1386,Anton,Nieminen,anton.nieminen.1386@example.com,Belgium,CLOSED
1387,Beatriz,Ahlgren,beatriz.ahlgren.1387@example.com,Denmark,ACTIVE
1388,Colin,Eriksson,colin.eriksson.1388@example.com,Italy,PENDING
1389,Dagny,Rasmussen,dagny.rasmussen.1389@example.com,Sweden,CLOSED
1390,Emil,Engberg,emil.engberg.1390@example.com,Spain,ACTIVE
1391,Fiona,Ivanov,fiona.ivanov.1391@example.com,Estonia,PENDING
1392,Gustav,Virtanen,gustav.virtanen.1392@example.com,Germany,CLOSED
1393,Hanna,Isaksson,hanna.isaksson.1393@example.com,Netherlands,ACTIVE
1394,Ivar,Mäkinen,ivar.makinen.1394@example.com,Norway,PENDING
1395,Joséphine,Zetterberg,josefine.zetterberg.1395@example.com,Portugal,CLOSED
1396,Kalle,Dubois,kalle.dubois.1396@example.com,Finland,ACTIVE
1397,Lucia,Quintero,lucia.quintero.1397@example.com,France,PENDING
1398,Mikael,Dahlberg,mikael.dahlberg.1398@example.com,Belgium,CLOSED
1399,Nadia,Halonen,nadia.halonen.1399@example.com,Denmark,ACTIVE
1400,Ada,Uusitalo,ada.uusitalo.1400@example.com,Italy,PENDING
1401,Bruno,Heikkilä,bruno.heikkila.1401@example.com,Sweden,CLOSED
1402,Camille,Lindqvist,camille.lindqvist.1402@example.com,Spain,ACTIVE
1403,Dmitri,Yildiz,dmitri.yildiz.1403@example.com,Estonia,PENDING
1404,Elena,Castellanos,elena.castellanos.1404@example.com,Germany,CLOSED
1405,Farid,Pettersson,farid.pettersson.1405@example.com,Netherlands,ACTIVE
1406,Greta,Chevalier,greta.chevalier.1406@example.com,Norway,PENDING
1407,Hassan,Gunnarsson,hassan.gunnarsson.1407@example.com,Portugal,CLOSED
1408,Ingrid,Tikkanen,ingrid.tikkanen.1408@example.com,Finland,ACTIVE
1409,Jarno,Grunwald,jarno.grunwald.1409@example.com,France,PENDING
1410,Katja,Korhonen,katja.korhonen.1410@example.com,Belgium,CLOSED
1411,Liam,Xu,liam.xu.1411@example.com,Denmark,ACTIVE
1412,Marta,Bergström,marta.bergstrom.1412@example.com,Italy,PENDING
1413,Noah,Ojala,noah.ojala.1413@example.com,Sweden,CLOSED
1414,Olivia,Boisvert,olivia.boisvert.1414@example.com,Spain,ACTIVE
1415,Pavel,Ferreira,pavel.ferreira.1415@example.com,Estonia,PENDING
1416,Quentin,Saarinen,quentin.saarinen.1416@example.com,Germany,CLOSED
1417,Rosa,Fagerlund,rosa.fagerlund.1417@example.com,Netherlands,ACTIVE
1418,Sanna,Jokinen,sanna.jokinen.1418@example.com,Norway,PENDING
1419,Tomás,Wallenberg,tomas.wallenberg.1419@example.com,Portugal,CLOSED
1420,Ulla,Aaltonen,ulla.aaltonen.1420@example.com,Finland,ACTIVE
1421,Viktor,Nieminen,viktor.nieminen.1421@example.com,France,PENDING
1422,Wilma,Ahlgren,wilma.ahlgren.1422@example.com,Belgium,CLOSED
1423,Xiomara,Eriksson,xiomara.eriksson.1423@example.com,Denmark,ACTIVE
1424,Yusuf,Rasmussen,yusuf.rasmussen.1424@example.com,Italy,PENDING
1425,Zara,Engberg,zara.engberg.1425@example.com,Sweden,CLOSED
1426,Anton,Ivanov,anton.ivanov.1426@example.com,Spain,ACTIVE
1427,Beatriz,Virtanen,beatriz.virtanen.1427@example.com,Estonia,PENDING
1428,Colin,Isaksson,colin.isaksson.1428@example.com,Germany,CLOSED
1429,Dagny,Mäkinen,dagny.makinen.1429@example.com,Netherlands,ACTIVE
1430,Emil,Zetterberg,emil.zetterberg.1430@example.com,Norway,PENDING
1431,Fiona,Dubois,fiona.dubois.1431@example.com,Portugal,CLOSED
1432,Gustav,Quintero,gustav.quintero.1432@example.com,Finland,ACTIVE
1433,Hanna,Dahlberg,hanna.dahlberg.1433@example.com,France,PENDING
1434,Ivar,Halonen,ivar.halonen.1434@example.com,Belgium,CLOSED
1435,Joséphine,Uusitalo,josefine.uusitalo.1435@example.com,Denmark,ACTIVE
1436,Kalle,Heikkilä,kalle.heikkila.1436@example.com,Italy,PENDING
1437,Lucia,Lindqvist,lucia.lindqvist.1437@example.com,Sweden,CLOSED
1438,Mikael,Yildiz,mikael.yildiz.1438@example.com,Spain,ACTIVE
1439,Nadia,Castellanos,nadia.castellanos.1439@example.com,Estonia,PENDING
1440,Ada,Pettersson,ada.pettersson.1440@example.com,Germany,CLOSED
1441,Bruno,Chevalier,bruno.chevalier.1441@example.com,Netherlands,ACTIVE
1442,Camille,Gunnarsson,camille.gunnarsson.1442@example.com,Norway,PENDING
1443,Dmitri,Tikkanen,dmitri.tikkanen.1443@example.com,Portugal,CLOSED
1444,Elena,Grunwald,elena.grunwald.1444@example.com,Finland,ACTIVE
1445,Farid,Korhonen,farid.korhonen.1445@example.com,France,PENDING
1446,Greta,Xu,greta.xu.1446@example.com,Belgium,CLOSED
1447,Hassan,Bergström,hassan.bergstrom.1447@example.com,Denmark,ACTIVE
1448,Ingrid,Ojala,ingrid.ojala.1448@example.com,Italy,PENDING
1449,Jarno,Boisvert,jarno.boisvert.1449@example.com,Sweden,CLOSED
1450,Katja,Ferreira,katja.ferreira.1450@example.com,Spain,ACTIVE
1451,Liam,Saarinen,liam.saarinen.1451@example.com,Estonia,PENDING
1452,Marta,Fagerlund,marta.fagerlund.1452@example.com,Germany,CLOSED
1453,Noah,Jokinen,noah.jokinen.1453@example.com,Netherlands,ACTIVE
1454,Olivia,Wallenberg,olivia.wallenberg.1454@example.com,Norway,PENDING
1455,Pavel,Aaltonen,pavel.aaltonen.1455@example.com,Portugal,CLOSED
1456,Quentin,Nieminen,quentin.nieminen.1456@example.com,Finland,ACTIVE
1457,Rosa,Ahlgren,rosa.ahlgren.1457@example.com,France,PENDING
1458,Sanna,Eriksson,sanna.eriksson.1458@example.com,Belgium,CLOSED
1459,Tomás,Rasmussen,tomas.rasmussen.1459@example.com,Denmark,ACTIVE
1460,Ulla,Engberg,ulla.engberg.1460@example.com,Italy,PENDING
1461,Viktor,Ivanov,viktor.ivanov.1461@example.com,Sweden,CLOSED
1462,Wilma,Virtanen,wilma.virtanen.1462@example.com,Spain,ACTIVE
1463,Xiomara,Isaksson,xiomara.isaksson.1463@example.com,Estonia,PENDING
1464,Yusuf,Mäkinen,yusuf.makinen.1464@example.com,Germany,CLOSED
1465,Zara,Zetterberg,zara.zetterberg.1465@example.com,Netherlands,ACTIVE
1466,Anton,Dubois,anton.dubois.1466@example.com,Norway,PENDING
1467,Beatriz,Quintero,beatriz.quintero.1467@example.com,Portugal,CLOSED
1468,Colin,Dahlberg,colin.dahlberg.1468@example.com,Finland,ACTIVE
1469,Dagny,Halonen,dagny.halonen.1469@example.com,France,PENDING
1470,Emil,Uusitalo,emil.uusitalo.1470@example.com,Belgium,CLOSED
1471,Fiona,Heikkilä,fiona.heikkila.1471@example.com,Denmark,ACTIVE
1472,Gustav,Lindqvist,gustav.lindqvist.1472@example.com,Italy,PENDING
1473,Hanna,Yildiz,hanna.yildiz.1473@example.com,Sweden,CLOSED
1474,Ivar,Castellanos,ivar.castellanos.1474@example.com,Spain,ACTIVE
1475,Joséphine,Pettersson,josefine.pettersson.1475@example.com,Estonia,PENDING
1476,Kalle,Chevalier,kalle.chevalier.1476@example.com,Germany,CLOSED
1477,Lucia,Gunnarsson,lucia.gunnarsson.1477@example.com,Netherlands,ACTIVE
1478,Mikael,Tikkanen,mikael.tikkanen.1478@example.com,Norway,PENDING
1479,Nadia,Grunwald,nadia.grunwald.1479@example.com,Portugal,CLOSED
1480,Ada,Korhonen,ada.korhonen.1480@example.com,Finland,ACTIVE
1481,Bruno,Xu,bruno.xu.1481@example.com,France,PENDING
1482,Camille,Bergström,camille.bergstrom.1482@example.com,Belgium,CLOSED
1483,Dmitri,Ojala,dmitri.ojala.1483@example.com,Denmark,ACTIVE
1484,Elena,Boisvert,elena.boisvert.1484@example.com,Italy,PENDING
1485,Farid,Ferreira,farid.ferreira.1485@example.com,Sweden,CLOSED
1486,Greta,Saarinen,greta.saarinen.1486@example.com,Spain,ACTIVE
1487,Hassan,Fagerlund,hassan.fagerlund.1487@example.com,Estonia,PENDING
1488,Ingrid,Jokinen,ingrid.jokinen.1488@example.com,Germany,CLOSED
1489,Jarno,Wallenberg,jarno.wallenberg.1489@example.com,Netherlands,ACTIVE
1490,Katja,Aaltonen,katja.aaltonen.1490@example.com,Norway,PENDING
1491,Liam,Nieminen,liam.nieminen.1491@example.com,Portugal,CLOSED
1492,Marta,Ahlgren,marta.ahlgren.1492@example.com,Finland,ACTIVE
1493,Noah,Eriksson,noah.eriksson.1493@example.com,France,PENDING
1494,Olivia,Rasmussen,olivia.rasmussen.1494@example.com,Belgium,CLOSED
1495,Pavel,Engberg,pavel.engberg.1495@example.com,Denmark,ACTIVE
1496,Quentin,Ivanov,quentin.ivanov.1496@example.com,Italy,PENDING
1497,Rosa,Virtanen,rosa.virtanen.1497@example.com,Sweden,CLOSED
1498,Sanna,Isaksson,sanna.isaksson.1498@example.com,Spain,ACTIVE
1499,Tomás,Mäkinen,tomas.makinen.1499@example.com,Estonia,PENDING
